{"cameraMode":{"drawMode":0,"name":"Shaded","section":"Shading Mode"},"sceneLighting":true,"audioPlay":false,"sceneViewState":{"m_AlwaysRefresh":false,"showFog":true,"showSkybox":true,"showFlares":true,"showImageEffects":true,"showParticleSystems":true,"showVisualEffectGraphs":true,"m_FxEnabled":true},"in2DMode":false,"pivot":{"x":-0.8357311487197876,"y":3.4473304748535158,"z":-32.37782287597656},"rotation":{"x":0.04343622922897339,"y":-0.04793618991971016,"z":0.0020865395199507477,"w":0.9979039430618286},"size":2.2723286151885988,"orthographic":false}